"predictedLabelAggr","predictedProbAggr","predictedLabelAggr","predictedProbAggr"
1,1,1,1
0,1,1,0.666666666666667
0,1,0,1
1,1,1,1
0,1,0,1
1,1,1,1
0,1,0,1
0,1,0,1
0,1,0,1
0,1,0,1
1,0.666666666666667,1,1
0,1,0,1
0,1,0,1
0,1,0,1
0,0.666666666666667,1,1
1,1,1,1
1,1,1,1
0,1,0,1
0,1,0,1
0,1,0,1
