"predictedLabelAggr","predictedProbAggr","predictedLabelAggr","predictedProbAggr","predictedLabelAggr","predictedProbAggr"
1,1,1,1,1,1
0,0.711932221011624,0,1,1,0.949536446593465
0,1,0,1,0,1
1,1,1,1,1,1
0,1,0,1,0,1
1,1,1,1,1,1
0,1,0,1,0,1
0,1,0,1,0,1
0,1,0,1,0,1
0,1,0,1,0,1
1,1,1,0.993376375035306,1,1
0,1,0,1,0,1
0,1,0,1,0,1
0,1,0,1,0,1
1,0.689609192369957,0,0.995352326427541,1,1
1,1,1,1,1,1
1,1,1,1,1,1
0,1,0,1,0,1
0,1,0,1,0,1
0,1,0,1,0,1
